Product,Name,Price (INR),Rating,Comment Heading,Comment
Hypnos Mirage Maroonn 5 inch Single PU Foam Mattress,Flipkart Customer,3782.0,5,Awesome,"Better than I expected, value for money.... Supports the back pain, most of all its a very geniune product . Thank you filpkart.. Not only thz purchased many products which is completely genuine."
Hypnos Mirage Maroonn 5 inch Single PU Foam Mattress,Prashant Jha,3782.0,5,Best in the market!,"Excellent product got before the expected delivery,i really love the matress and very comfortable,I went to the market to check with this quality and price,no dought this is the altimate one .I have purchased this for my son.and he really loved that, planning to buy another.And about the parking,guys you did a well job.no words to explain,I got the product in very well packing and door step delivery."
Hypnos Mirage Maroonn 5 inch Single PU Foam Mattress,Flipkart Customer,3782.0,5,Highly recommended,One word to describe this product that is WOW. Very genuine product very comfortable best price in all categories loved it go for it.
Hypnos Mirage Maroonn 5 inch Single PU Foam Mattress,Deenadayalan S Deenadayalan,3782.0,4,Delightful,Really very good product.Packing is very good.They can supply additional with two pillow with very good quality.worth for the money.Thanks to Flipkart having EXCELLENT sellers.Material came from PEPS Company.Thanks to the seller for the excellent product
Hypnos Mirage Maroonn 5 inch Single PU Foam Mattress,Sowmya G,3782.0,5,Must buy!,Good product.. Looks same like in the image. Happy with the delivery and feel of the mattress is soft and cushion kind of. Overall happy
Hypnos Mirage Maroonn 5 inch Single PU Foam Mattress,Satish  k,3782.0,2,Expected a better product,Not good it's just average
Hypnos Mirage Maroonn 5 inch Single PU Foam Mattress,Flipkart Customer,3782.0,4,Really Nice,Product is really great it helped me thanks ☺️
Hypnos Mirage Maroonn 5 inch Single PU Foam Mattress,Flipkart Customer,3782.0,3,Decent product,"Bed is ok, but did not same image width size, different size width for the bed, it is half of the width size we have received, so don't believe the image of the bed...quality and bed is good..."
Hypnos Mirage Maroonn 5 inch Single PU Foam Mattress,Flipkart Customer,3782.0,5,Brilliant,"It's much comfortable, and very very much relaxing"
Hypnos Mirage Maroonn 5 inch Single PU Foam Mattress,Nandan  Jha,3782.0,5,Great product,"First time I am writing review as I cannot stop myself doing so.Just amazing product met all the expectations be it comfort, quality.I bought it after checking all other brands and this I can say best choice I have ever made.Just go for it.Amazing product😍😍"
Hypnos Mirage Maroonn 5 inch Single PU Foam Mattress,No Name,3782.0,No Rating,No Comment Heading,
Flipkart Perfect Homes Riobo Engineered Wood TV Entertainment Unit,katamaiah y,4790.0,1,Terrible product,"I suggest to do not take this product as its very small like lilliput. I bought this even after reading some reviews but, after installation am not happy with this product. Instead bigger size than this and good quality worth for your money."
Flipkart Perfect Homes Riobo Engineered Wood TV Entertainment Unit,Sunil Kumar R,4790.0,5,Classy product,"A very good TV table top that can be used for a 43"" TV. Good height to watch TV. The technician from Jeeves came and installed it today. He was very friendly and did a good job. So far no issues."
Flipkart Perfect Homes Riobo Engineered Wood TV Entertainment Unit,Siddharth Kotian,4790.0,4,Value-for-money,"I was looking for TV unit small in size just to keep set top box and other TV stuff, this came in perfect for that. Sturdy build a big thumbs up. Installation is free but delayed by a day."
Flipkart Perfect Homes Riobo Engineered Wood TV Entertainment Unit,VISHWANATH Ramesh,4790.0,4,Pretty good,TV unit cabinet looks good but the material used in back side is having low thickness. And also few white patches found on the board surface. surface quality should be improved because  surface having porosity which it looks like big fibre ok on board surface. And handle quality is to be improved.
Flipkart Perfect Homes Riobo Engineered Wood TV Entertainment Unit,Flipkart Customer,4790.0,5,Classy product,Awesome Product...looks exactly as in picture.. Installation was done for free the very next day of delivery of the product.. Thanks to Flipkart...perfect fit for our 40 inch TV and home theatre..i would highly recommend this product for others...dont think of it..just buy it...
Flipkart Perfect Homes Riobo Engineered Wood TV Entertainment Unit,sunil pawar,4790.0,4,Very Good,everything is fine expect finishing of the edge for some parts is not properly done...... if they correct that then it deserves 5 star
Flipkart Perfect Homes Riobo Engineered Wood TV Entertainment Unit,Flipkart Customer,4790.0,5,Classy product,"Nice, quite sturdy and a perfect piece for a small space.. The overall finish of the TV unit is absolutely amazing.. Good it a good deal of 3200.."
Flipkart Perfect Homes Riobo Engineered Wood TV Entertainment Unit,DADASAHEB  GHODKE ,4790.0,5,Mind-blowing purchase,"pravin pandit &govind panchal has been excellently and super fast installed my TV unit ,they are good behavior"
Flipkart Perfect Homes Riobo Engineered Wood TV Entertainment Unit,K K SINGH,4790.0,5,Excellent,"A good experience shopping on Flipkart on time delivery of  products and it's also a good quality,very fast and perfect installation done by jeeves."
Flipkart Perfect Homes Riobo Engineered Wood TV Entertainment Unit,RAVI  KULKARNI,4790.0,5,Great product,VERY GOOD & ATTRACTIVE TV TABLE BY FLIPCART WITHIN THE BUDGET !PACKING / DELIVERY / INSTALLATION IS VERY NICE & PROMPT !
Flipkart Perfect Homes Riobo Engineered Wood TV Entertainment Unit,No Name,4790.0,No Rating,No Comment Heading,
Flipkart Perfect Homes Julian Engineered Wood 3 Door Wardrobe,Vikram Shenoy,10190.0,3,Average for the price,"Buying online furniture is pretty much a balancing act between the economies of searching & shipping costs compared to online and offline. This may end up being cheaper (by a small margin), if you do not have good furniture shops nearby.Having used this for some days, I'll outline some aspects of this item.DOES IT HAVE ENOUGH SPACE?Yes. It has ample space for normal clothes of 2 people along with towels and sheets. IS THE ITEM DURABLE?Anything will last 10 years if you don't move arou..."
Flipkart Perfect Homes Julian Engineered Wood 3 Door Wardrobe,sharukh khan,10190.0,1,Hated it!,Look wise very decent but quality poor.  If you looking for a long time use dont but either for a short term use is quite good
Flipkart Perfect Homes Julian Engineered Wood 3 Door Wardrobe,Bhaskar Siddula,10190.0,1,Don't waste your money,"worst quality......... regarding this furniture department it is utterly flop first you have to change ur name from perfect homes to any other bcz u r not suitable for that..... compare the quality with others who are currently leading in market in online like spacewood they are the leaders they are the perfect quality maintained organisation with good competitive rates... product selling is not important ,  customer should feel that it is more than worth of their money ....thank you...."
Flipkart Perfect Homes Julian Engineered Wood 3 Door Wardrobe,Flipkart Customer,10190.0,5,Excellent,"it's very nice product, very amazing nice see in home, all the doors and fittings exactly fitted, it's more than worth of product.."
Flipkart Perfect Homes Julian Engineered Wood 3 Door Wardrobe,Balaji Babu,10190.0,5,Super!,Gopinathan.M IPJCCH 0077 jeeves chennai . He has arrived at the sharp time and he has perfectly fixed the product and explained clearly about the 3 door wardrood. Thank you for providing the service perfectly.
Flipkart Perfect Homes Julian Engineered Wood 3 Door Wardrobe,Flipkart Customer,10190.0,5,Must buy!,It’s a great product to buy from Flipkart Perfect Homes. I’ll add comments after 1-2 months of usage. As of now I can say that this product is worth the money I spent on it.
Flipkart Perfect Homes Julian Engineered Wood 3 Door Wardrobe,Anirban Sareen,10190.0,2,Moderate,"I didn't like the product. Today , after installation, when  I am closely checking the product, I have noticed that the finishing of this product is not all good. I have not happy with this product. It's not worth spending Rs.8500/- for this product."
Flipkart Perfect Homes Julian Engineered Wood 3 Door Wardrobe,Flipkart Customer,10190.0,5,Worth every penny,Excellent product . I m very happy with flipkart . Good packaging. The person who done the installation was very polite.very good behaviour. Very good service of flipkart. I m very happy to buy this product. 😊
Flipkart Perfect Homes Julian Engineered Wood 3 Door Wardrobe,Pankaj Malhotra,10190.0,4,3 door Wardrobe,It's good quality and hinges are also of Good material. However back sheet of wardrobe is very thin sheet if sheet is think then this product is super
Flipkart Perfect Homes Julian Engineered Wood 3 Door Wardrobe,uma Shashiraj,10190.0,5,Simply awesome,best purchase!! I always trust flipkart for every product...1st time I had purchase furniture  from flipkart. worth purchase in this cost. Installation  at prompt timing..thumps up. Highly  recommendable
Flipkart Perfect Homes Julian Engineered Wood 3 Door Wardrobe,No Name,10190.0,No Rating,No Comment Heading,
Flipkart Perfect Homes Nevada Engineered Wood 3 Door Wardrobe,Dinesh Pise,13490.0,2,Slightly disappointed,"I am giving 2 star because in description it is clearly said Stylish and Sturdy metal handle but it has plastic pvc handle  otherwise it is good. I have asked flipkart to change the handle to metal or else take back the product.Lets see what flipkart do, I will  keep posting regarding flipkart return policy how return is handled in terms of furniture."
Flipkart Perfect Homes Nevada Engineered Wood 3 Door Wardrobe,Flipkart Customer,13490.0,5,Just wow!,Great finish and looks. Spacious and decently looking product. Installation was well within time and person visited was a nice and supportive guy. Super hit product
Flipkart Perfect Homes Nevada Engineered Wood 3 Door Wardrobe,Rahul  Sharma,13490.0,5,Classy product,very nice and awesome product
Flipkart Perfect Homes Nevada Engineered Wood 3 Door Wardrobe,Anjith tr,13490.0,4,Good quality product,"product is good,installation team is v.good character . nicely dealing"
Flipkart Perfect Homes Nevada Engineered Wood 3 Door Wardrobe,Ramesh Kesarwani,13490.0,4,Really Nice,it is made from bhoosa wood but stylish looking and have large space it have PVC handle and door is good
Flipkart Perfect Homes Nevada Engineered Wood 3 Door Wardrobe,Flipkart Customer,13490.0,1,Terrible product,Just k
Flipkart Perfect Homes Nevada Engineered Wood 3 Door Wardrobe,ONGC/A/c SYAM/CPF-121348 PS,13490.0,1,Absolute rubbish!,it's very poor quality. with is 6 months its parts started breaking. Don't purchase this product
Flipkart Perfect Homes Nevada Engineered Wood 3 Door Wardrobe,Ganesh Khode,13490.0,2,Not good,"Locked door can still be opened by pulling,door are literally shaking, average finishing, good design, overall not worth..."
Flipkart Perfect Homes Nevada Engineered Wood 3 Door Wardrobe,Suvam Mohanty,13490.0,1,Utterly Disappointed,design and stylish looking but the built quality is very bad.
Flipkart Perfect Homes Nevada Engineered Wood 3 Door Wardrobe,MULUKUNTLA SATHISH KUMAR,13490.0,1,Hated it!,very bad
Flipkart Perfect Homes Nevada Engineered Wood 3 Door Wardrobe,No Name,13490.0,No Rating,No Comment Heading,
